NHI:name,Address,DOB,1st ,2nd,Complete
J9547Z:Lydia Wertman,9 Ashley St. Deland  FL 32720,3/12/2010, , ,N
H4161S:Rodrick Beaudet,2 Poor House Dr. Greenville  NC 27834,21/11/1948, , ,N
U2564T:Yetta Sinner,79 Howard Ave. Oakland  CA 94603,2/02/2012, , ,N
P5970A:Paz Baumann,416 Smith Store Drive Jamaica Plain  MA 02130,9/09/1974, , ,N
R5741W:George Rawls,959 N. Eagle Drive North Fort Myers  FL 33917,16/01/1927, , ,N
G3694Q:Chase Ding,86 Annadale Dr. Leesburg  VA 20175,15/02/1966, , ,N
J7869F:Thaddeus Prosper,7665 Howard St. Stow  OH 44224,24/04/1958, , ,N
H9176R:Bettie Albrecht,301 Amerige Drive Villa Rica  GA 30180,15/05/1931, , ,N
X5400N:Jin Rhyne,8492 Arlington Street Opa Locka  FL 33054,27/04/2018, , ,N
Z9855Q:Colleen Omar,7026 Rockaway Dr. Merrillville  IN 46410,17/10/1964, , ,N
A1672H:Catalina Moats,827 Winding Way St. Cocoa  FL 32927,22/05/2016, , ,N
A4283O:Karri Mersch,222 Trusel Drive Santa Monica  CA 90403,29/06/1924, , ,N
Z1510P:Tyron Mckeever,474 Edgemont Road Palm Coast  FL 32137,13/12/2014, , ,N
M7560Q:Annelle Vivanco,8459 Strawberry Street Providence  RI 02904,29/03/1921, , ,N
E5025P:Ming Mcmillen,58 Swanson Court Spartanburg  SC 29301,24/01/1981, , ,N
T6482Q:Louann Pickel,37 Strawberry Dr. Nazareth  PA 18064,22/08/1993, , ,N
M9117H:Enriqueta Shreve,64 North Johnson Ave. Lagrange  GA 30240,6/07/1955, , ,N
W8976Y:Sharlene Moldenhauer,8 Penn Dr. Howell  NJ 07731,17/01/1939, , ,N
U5425W:Ron Cleland,53 Lincoln Drive Everett  MA 02149,4/04/1962, , ,N
W9292C:Josh Kimball,71 Liberty Street Independence  KY 41051,14/07/2004, , ,N
K6359R:Karoline Tuttle,8367 San Pablo Ave. Marshfield  WI 54449,19/01/1947, , ,N
U7619T:Ian Kempton,51 Glenridge St. New Haven  CT 06511,2/09/1977, , ,N
K2446M:Phyllis Hindman,117 S. Saxon Dr. West Hempstead  NY 11552,23/09/1941, , ,N
O2194O:Candace Dabrowski,9858 Halifax Ave. Bradenton  FL 34203,22/08/1961, , ,N
Y7273W:Carroll Winchester,9169 East Brewery Drive Sulphur  LA 70663,24/06/1936, , ,N
V4437P:Carleen Kingston,19 Glen Ridge Lane Westlake  OH 44145,25/01/1983, , ,N
Y8265B:Minnie Garr,8993 Windfall St. Santa Clara  CA 95050,14/05/2009, , ,N
U2947J:Ashley Turney,7580 Livingston Circle Torrance  CA 90505,17/10/1967, , ,N
H6752L:Emelina Harden,240 Pine St. Burke  VA 22015,16/01/1978, , ,N
W7700U:Kareem Green,832 Nichols Street Hudsonville  MI 49426,19/07/2012, , ,N
J8379Y:John Sunny,56 Breezy Avenue Santa Monica CA 90472,7/09/1983,,,N
Y8293R:Jasmine Yo,1A Castle Lane Manhattan NY 28345,4/08/1983,5/06/2021,2021-06-30,N
QT0XY:Dale Quinn,191 white swan rd,16/08/1979,,,N
JZ246:Sonja Lowe,976 Mulberry Court,23/11/2001, , ,N
Xxx1:Laura,Don bucks rd,29/10/1980,,,N